{"point":[{"line":{},"point":[{"id":0,"pos":{"x":-2.301960784313725,"y":0,"z":-1.8010000089999991}},{"id":1,"pos":{"x":2.584313725490195,"y":0,"z":-1.7460980479411754}},{"id":2,"pos":{"x":2.3882352941176466,"y":0,"z":0.779392160764706}},{"id":3,"pos":{"x":-1.5333333333333332,"y":0,"z":1.453901968058824}}]}]}