{"point":[{"line":{},"point":[{"id":0,"pos":{"x":-2.262745098039215,"y":0,"z":-1.573549027470587}},{"id":1,"pos":{"x":2.0588235294117645,"y":0,"z":-1.5421764782941165}},{"id":3,"pos":{"x":2.035294117647059,"y":0,"z":1.1088039271176473}},{"id":5,"pos":{"x":-2.6392156862745093,"y":0,"z":1.3754705951176478}}]}]}